i	op	sig	obr	rr
20	160	79	18	0.01760263
22	182	110	23	0.0200236
24	233	130	27	0.0256368
26	267	147	31	0.02937981
28	293	162	31	0.03224266
30	323	176	33	0.0355466