i	op	sig	obr	rr
20	160	79	18	0.25492466
22	182	110	23	0.29181344
24	233	130	27	0.38039485
26	267	147	31	0.44242144
28	293	162	38	0.49183598
30	323	176	43	0.55137288